id,name,description,creatorId,createdAt,updatedAt,upperCategory,lowerCategory,detailCategory,status,llmModel,chatbotType,maxInputLength,maxResponseLength,personaName,speakingStyle,personalityTraits,rolePrompt,prohibitedWordResponse,uploadFormats,uploadMethod,maxFileCount,maxFileSizeMB,documentManagerIds,visibility,allowedGroups,agentManagerIds,agentEditorIds,icon,backgroundColor,isCustomIcon,category,managerId,organizationId,isActive,유형
69,간호학과 AI 연구실 소개,간호학과 소속의 학생 및 교직원을 위한 AI 연구실 소개 안내 챗봇입니다.,user1069,2025-06-26T22:17:47.090596,2025-06-26T22:17:47.090596,의과대학,간호학과,,active,gpt-4o,general-llm,2048,1024,도우미 지우,공손하고 친절한 말투,친절하고 전문적인 성격으로 정확한 정보를 제공,AI 연구실 소개 관련 전문 상담을 제공합니다.,죄송합니다. 해당 내용에 대해서는 답변드릴 수 없습니다.,"['PDF', 'DOCX', 'TXT']",dragdrop,100,100,[],private,[],[],[],default.png,#ffffff,False,간호학과,user1069,,True,학생
1,간호학과 입학 전형 안내,간호학과 소속의 학생 및 교직원을 위한 입학 전형 안내 안내 챗봇입니다.,user1001,2025-06-26T22:17:47.090596,2025-06-26T22:17:47.090596,의과대학,간호학과,,active,gpt-4o,general-llm,2048,1024,도우미 민지,공손하고 친절한 말투,친절하고 전문적인 성격으로 정확한 정보를 제공,입학 전형 안내 관련 전문 상담을 제공합니다.,죄송합니다. 해당 내용에 대해서는 답변드릴 수 없습니다.,"['PDF', 'DOCX', 'TXT']",dragdrop,100,100,[],private,[],[],[],default.png,#ffffff,False,간호학과,user1001,,True,학교
5,기숙사 Q&A,"기숙사 입소 조건, 신청 방법, 생활 규칙 등을 안내합니다.",user1173,2025-06-26T22:11:48.231296,2025-06-26T22:11:48.231296,전체,전체,전체,active,gpt-4o,general-llm,2048,1024,캠퍼스길라잡이 채린,논리적이고 간결한 말투,밝고 긍정적인 성격,대학 구성원들이 질문한 주제에 대해 정확하고 친절하게 답변하는 역할을 수행합니다.,죄송합니다. 해당 내용에 대해서는 답변드릴 수 없습니다.,"[""PDF"", ""DOCX"", ""TXT""]",dragdrop,100,100,['user1173'],organization,[],['user1173'],['user1173'],default.png,#FFFFFF,False,AI Chatbot,user1173,univ,True,학생
75,마케팅학과 전공 선택 고민,마케팅학과 소속의 학생 및 교직원을 위한 전공 선택 고민 안내 챗봇입니다.,user1075,2025-06-26T22:17:47.090596,2025-06-26T22:17:47.090596,경영대학,마케팅학과,,active,gpt-4o,general-llm,2048,1024,도우미 채원,공손하고 친절한 말투,친절하고 전문적인 성격으로 정확한 정보를 제공,전공 선택 고민 관련 전문 상담을 제공합니다.,죄송합니다. 해당 내용에 대해서는 답변드릴 수 없습니다.,"['PDF', 'DOCX', 'TXT']",dragdrop,100,100,[],private,[],[],[],default.png,#ffffff,False,마케팅학과,user1075,,True,학생
55,교양과목운영팀 통계 분석 챗봇,교양과목운영팀 소속의 학생 및 교직원을 위한 통계 분석 챗봇 안내 챗봇입니다.,user1055,2025-06-26T22:17:47.090596,2025-06-26T22:17:47.090596,교양교육원,교양과목운영팀,,active,gpt-4o,general-llm,2048,1024,도우미 채원,공손하고 친절한 말투,친절하고 전문적인 성격으로 정확한 정보를 제공,통계 분석 챗봇 관련 전문 상담을 제공합니다.,죄송합니다. 해당 내용에 대해서는 답변드릴 수 없습니다.,"['PDF', 'DOCX', 'TXT']",dragdrop,100,100,[],private,[],[],[],default.png,#ffffff,False,교양과목운영팀,user1055,,True,학생
59,법학과 UX/UI 안내,법학과 소속의 학생 및 교직원을 위한 UX/UI 안내 안내 챗봇입니다.,user1059,2025-06-26T22:17:47.090596,2025-06-26T22:17:47.090596,법과대학,법학과,,active,gpt-4o,general-llm,2048,1024,도우미 지우,공손하고 친절한 말투,친절하고 전문적인 성격으로 정확한 정보를 제공,UX/UI 안내 관련 전문 상담을 제공합니다.,죄송합니다. 해당 내용에 대해서는 답변드릴 수 없습니다.,"['PDF', 'DOCX', 'TXT']",dragdrop,100,100,[],private,[],[],[],default.png,#ffffff,False,법학과,user1059,,True,학생
21,기계공학과 리더십 프로그램,기계공학과 소속의 학생 및 교직원을 위한 리더십 프로그램 안내 챗봇입니다.,user1021,2025-06-26T22:17:47.090596,2025-06-26T22:17:47.090596,공과대학,기계공학과,,active,gpt-4o,general-llm,2048,1024,도우미 민지,공손하고 친절한 말투,친절하고 전문적인 성격으로 정확한 정보를 제공,리더십 프로그램 관련 전문 상담을 제공합니다.,죄송합니다. 해당 내용에 대해서는 답변드릴 수 없습니다.,"['PDF', 'DOCX', 'TXT']",dragdrop,100,100,[],private,[],[],[],default.png,#ffffff,False,기계공학과,user1021,,True,학생
36,심리학과 학술지 투고 안내,심리학과 소속의 학생 및 교직원을 위한 학술지 투고 안내 안내 챗봇입니다.,user1036,2025-06-26T22:17:47.090596,2025-06-26T22:17:47.090596,사회과학대학,심리학과,,active,gpt-4o,general-llm,2048,1024,도우미 수빈,공손하고 친절한 말투,친절하고 전문적인 성격으로 정확한 정보를 제공,학술지 투고 안내 관련 전문 상담을 제공합니다.,죄송합니다. 해당 내용에 대해서는 답변드릴 수 없습니다.,"['PDF', 'DOCX', 'TXT']",dragdrop,100,100,[],private,[],[],[],default.png,#ffffff,False,심리학과,user1036,,True,학생
87,음악학과 졸업식 준비,음악학과 소속의 학생 및 교직원을 위한 졸업식 준비 안내 챗봇입니다.,user1087,2025-06-26T22:17:47.090596,2025-06-26T22:17:47.090596,예술대학,음악학과,,active,gpt-4o,general-llm,2048,1024,도우미 민수,공손하고 친절한 말투,친절하고 전문적인 성격으로 정확한 정보를 제공,졸업식 준비 관련 전문 상담을 제공합니다.,죄송합니다. 해당 내용에 대해서는 답변드릴 수 없습니다.,"['PDF', 'DOCX', 'TXT']",dragdrop,100,100,[],private,[],[],[],default.png,#ffffff,False,음악학과,user1087,,True,학교
2,교양과목운영팀 교수진 연구 안내,교양과목운영팀 소속의 학생 및 교직원을 위한 교수진 연구 안내 안내 챗봇입니다.,user1002,2025-06-26T22:17:47.090596,2025-06-26T22:17:47.090596,교양교육원,교양과목운영팀,,active,gpt-4o,general-llm,2048,1024,도우미 지훈,공손하고 친절한 말투,친절하고 전문적인 성격으로 정확한 정보를 제공,교수진 연구 안내 관련 전문 상담을 제공합니다.,죄송합니다. 해당 내용에 대해서는 답변드릴 수 없습니다.,"['PDF', 'DOCX', 'TXT']",dragdrop,100,100,[],private,[],[],[],default.png,#ffffff,False,교양과목운영팀,user1002,,True,학생
70,의학과 코딩 대회 준비,의학과 소속의 학생 및 교직원을 위한 코딩 대회 준비 안내 챗봇입니다.,user1070,2025-06-26T22:17:47.090596,2025-06-26T22:17:47.090596,의과대학,의학과,,active,gpt-4o,general-llm,2048,1024,도우미 하은,공손하고 친절한 말투,친절하고 전문적인 성격으로 정확한 정보를 제공,코딩 대회 준비 관련 전문 상담을 제공합니다.,죄송합니다. 해당 내용에 대해서는 답변드릴 수 없습니다.,"['PDF', 'DOCX', 'TXT']",dragdrop,100,100,[],private,[],[],[],default.png,#ffffff,False,의학과,user1070,,True,학생
71,디자인학과 기술 창업 Q&A,디자인학과 소속의 학생 및 교직원을 위한 기술 창업 Q&A 안내 챗봇입니다.,user1071,2025-06-26T22:17:47.090596,2025-06-26T22:17:47.090596,예술대학,디자인학과,,active,gpt-4o,general-llm,2048,1024,도우미 민지,공손하고 친절한 말투,친절하고 전문적인 성격으로 정확한 정보를 제공,기술 창업 Q&A 관련 전문 상담을 제공합니다.,죄송합니다. 해당 내용에 대해서는 답변드릴 수 없습니다.,"['PDF', 'DOCX', 'TXT']",dragdrop,100,100,[],private,[],[],[],default.png,#ffffff,False,디자인학과,user1071,,True,학생
1,입학안내 도우미,"입학 전형, 모집요강, 지원 절차를 안내해주는 에이전트입니다.",user1399,2025-06-26T22:11:48.231296,2025-06-26T22:11:48.231296,전체,전체,전체,active,gpt-4o,general-llm,2048,1024,도우미 민지,논리적이고 간결한 말투,유쾌하고 유익한 성격,대학 구성원들이 질문한 주제에 대해 정확하고 친절하게 답변하는 역할을 수행합니다.,죄송합니다. 해당 내용에 대해서는 답변드릴 수 없습니다.,"[""PDF"", ""DOCX"", ""TXT""]",dragdrop,100,100,['user1399'],organization,[],['user1399'],['user1399'],default.png,#FFFFFF,False,AI Chatbot,user1399,univ,True,학교
72,교육학과 연구실 인턴십,교육학과 소속의 학생 및 교직원을 위한 연구실 인턴십 안내 챗봇입니다.,user1072,2025-06-26T22:17:47.090596,2025-06-26T22:17:47.090596,사범대학,교육학과,,active,gpt-4o,general-llm,2048,1024,도우미 지훈,공손하고 친절한 말투,친절하고 전문적인 성격으로 정확한 정보를 제공,연구실 인턴십 관련 전문 상담을 제공합니다.,죄송합니다. 해당 내용에 대해서는 답변드릴 수 없습니다.,"['PDF', 'DOCX', 'TXT']",dragdrop,100,100,[],private,[],[],[],default.png,#ffffff,False,교육학과,user1072,,True,학생
9,기계공학과 졸업요건 가이드,기계공학과 소속의 학생 및 교직원을 위한 졸업요건 가이드 안내 챗봇입니다.,user1009,2025-06-26T22:17:47.090596,2025-06-26T22:17:47.090596,공과대학,기계공학과,,active,gpt-4o,general-llm,2048,1024,도우미 지우,공손하고 친절한 말투,친절하고 전문적인 성격으로 정확한 정보를 제공,졸업요건 가이드 관련 전문 상담을 제공합니다.,죄송합니다. 해당 내용에 대해서는 답변드릴 수 없습니다.,"['PDF', 'DOCX', 'TXT']",dragdrop,100,100,[],private,[],[],[],default.png,#ffffff,False,기계공학과,user1009,,True,학교
61,기계공학과 음악 감상 가이드,기계공학과 소속의 학생 및 교직원을 위한 음악 감상 가이드 안내 챗봇입니다.,user1061,2025-06-26T22:17:47.090596,2025-06-26T22:17:47.090596,공과대학,기계공학과,,active,gpt-4o,general-llm,2048,1024,도우미 민지,공손하고 친절한 말투,친절하고 전문적인 성격으로 정확한 정보를 제공,음악 감상 가이드 관련 전문 상담을 제공합니다.,죄송합니다. 해당 내용에 대해서는 답변드릴 수 없습니다.,"['PDF', 'DOCX', 'TXT']",dragdrop,100,100,[],private,[],[],[],default.png,#ffffff,False,기계공학과,user1061,,True,학생
47,법학과 마케팅 전략,법학과 소속의 학생 및 교직원을 위한 마케팅 전략 안내 챗봇입니다.,user1047,2025-06-26T22:17:47.090596,2025-06-26T22:17:47.090596,법과대학,법학과,,active,gpt-4o,general-llm,2048,1024,도우미 민수,공손하고 친절한 말투,친절하고 전문적인 성격으로 정확한 정보를 제공,마케팅 전략 관련 전문 상담을 제공합니다.,죄송합니다. 해당 내용에 대해서는 답변드릴 수 없습니다.,"['PDF', 'DOCX', 'TXT']",dragdrop,100,100,[],private,[],[],[],default.png,#ffffff,False,법학과,user1047,,True,학생
63,정치외교학과 바이오 윤리 Q&A,정치외교학과 소속의 학생 및 교직원을 위한 바이오 윤리 Q&A 안내 챗봇입니다.,user1063,2025-06-26T22:17:47.090596,2025-06-26T22:17:47.090596,사회과학대학,정치외교학과,,active,gpt-4o,general-llm,2048,1024,도우미 현우,공손하고 친절한 말투,친절하고 전문적인 성격으로 정확한 정보를 제공,바이오 윤리 Q&A 관련 전문 상담을 제공합니다.,죄송합니다. 해당 내용에 대해서는 답변드릴 수 없습니다.,"['PDF', 'DOCX', 'TXT']",dragdrop,100,100,[],private,[],[],[],default.png,#ffffff,False,정치외교학과,user1063,,True,학생
99,교양과목운영팀 대학원 진학 조언,교양과목운영팀 소속의 학생 및 교직원을 위한 대학원 진학 조언 안내 챗봇입니다.,user1099,2025-06-26T22:17:47.090596,2025-06-26T22:17:47.090596,교양교육원,교양과목운영팀,,active,gpt-4o,general-llm,2048,1024,도우미 지우,공손하고 친절한 말투,친절하고 전문적인 성격으로 정확한 정보를 제공,대학원 진학 조언 관련 전문 상담을 제공합니다.,죄송합니다. 해당 내용에 대해서는 답변드릴 수 없습니다.,"['PDF', 'DOCX', 'TXT']",dragdrop,100,100,[],private,[],[],[],default.png,#ffffff,False,교양과목운영팀,user1099,,True,학생
33,교양과목운영팀 면접 준비 조언,교양과목운영팀 소속의 학생 및 교직원을 위한 면접 준비 조언 안내 챗봇입니다.,user1033,2025-06-26T22:17:47.090596,2025-06-26T22:17:47.090596,교양교육원,교양과목운영팀,,active,gpt-4o,general-llm,2048,1024,도우미 현우,공손하고 친절한 말투,친절하고 전문적인 성격으로 정확한 정보를 제공,면접 준비 조언 관련 전문 상담을 제공합니다.,죄송합니다. 해당 내용에 대해서는 답변드릴 수 없습니다.,"['PDF', 'DOCX', 'TXT']",dragdrop,100,100,[],private,[],[],[],default.png,#ffffff,False,교양과목운영팀,user1033,,True,학생
3,전자공학과 전공 로드맵,전자공학과 소속의 학생 및 교직원을 위한 전공 로드맵 안내 챗봇입니다.,user1003,2025-06-26T22:17:47.090596,2025-06-26T22:17:47.090596,공과대학,전자공학과,,active,gpt-4o,general-llm,2048,1024,도우미 현우,공손하고 친절한 말투,친절하고 전문적인 성격으로 정확한 정보를 제공,전공 로드맵 관련 전문 상담을 제공합니다.,죄송합니다. 해당 내용에 대해서는 답변드릴 수 없습니다.,"['PDF', 'DOCX', 'TXT']",dragdrop,100,100,[],private,[],[],[],default.png,#ffffff,False,전자공학과,user1003,,True,학생
27,의학과 교양 필수 안내,의학과 소속의 학생 및 교직원을 위한 교양 필수 안내 안내 챗봇입니다.,user1027,2025-06-26T22:17:47.090596,2025-06-26T22:17:47.090596,의과대학,의학과,,active,gpt-4o,general-llm,2048,1024,도우미 민수,공손하고 친절한 말투,친절하고 전문적인 성격으로 정확한 정보를 제공,교양 필수 안내 관련 전문 상담을 제공합니다.,죄송합니다. 해당 내용에 대해서는 답변드릴 수 없습니다.,"['PDF', 'DOCX', 'TXT']",dragdrop,100,100,[],private,[],[],[],default.png,#ffffff,False,의학과,user1027,,True,학생
56,교육학과 R/Python 튜터,교육학과 소속의 학생 및 교직원을 위한 R/Python 튜터 안내 챗봇입니다.,user1056,2025-06-26T22:17:47.090596,2025-06-26T22:17:47.090596,사범대학,교육학과,,active,gpt-4o,general-llm,2048,1024,도우미 수빈,공손하고 친절한 말투,친절하고 전문적인 성격으로 정확한 정보를 제공,R/Python 튜터 관련 전문 상담을 제공합니다.,죄송합니다. 해당 내용에 대해서는 답변드릴 수 없습니다.,"['PDF', 'DOCX', 'TXT']",dragdrop,100,100,[],private,[],[],[],default.png,#ffffff,False,교육학과,user1056,,True,학생
17,교양과목운영팀 수강신청 팁,교양과목운영팀 소속의 학생 및 교직원을 위한 수강신청 팁 안내 챗봇입니다.,user1017,2025-06-26T22:17:47.090596,2025-06-26T22:17:47.090596,교양교육원,교양과목운영팀,,active,gpt-4o,general-llm,2048,1024,도우미 민수,공손하고 친절한 말투,친절하고 전문적인 성격으로 정확한 정보를 제공,수강신청 팁 관련 전문 상담을 제공합니다.,죄송합니다. 해당 내용에 대해서는 답변드릴 수 없습니다.,"['PDF', 'DOCX', 'TXT']",dragdrop,100,100,[],private,[],[],[],default.png,#ffffff,False,교양과목운영팀,user1017,,True,학교
13,교육학과 캡스톤디자인 도움,교육학과 소속의 학생 및 교직원을 위한 캡스톤디자인 도움 안내 챗봇입니다.,user1013,2025-06-26T22:17:47.090596,2025-06-26T22:17:47.090596,사범대학,교육학과,,active,gpt-4o,general-llm,2048,1024,도우미 현우,공손하고 친절한 말투,친절하고 전문적인 성격으로 정확한 정보를 제공,캡스톤디자인 도움 관련 전문 상담을 제공합니다.,죄송합니다. 해당 내용에 대해서는 답변드릴 수 없습니다.,"['PDF', 'DOCX', 'TXT']",dragdrop,100,100,[],private,[],[],[],default.png,#ffffff,False,교육학과,user1013,,True,학생
22,화학과 멘토링 Q&A,화학과 소속의 학생 및 교직원을 위한 멘토링 Q&A 안내 챗봇입니다.,user1022,2025-06-26T22:17:47.090596,2025-06-26T22:17:47.090596,자연과학대학,화학과,,active,gpt-4o,general-llm,2048,1024,도우미 지훈,공손하고 친절한 말투,친절하고 전문적인 성격으로 정확한 정보를 제공,멘토링 Q&A 관련 전문 상담을 제공합니다.,죄송합니다. 해당 내용에 대해서는 답변드릴 수 없습니다.,"['PDF', 'DOCX', 'TXT']",dragdrop,100,100,[],private,[],[],[],default.png,#ffffff,False,화학과,user1022,,True,학생
38,심리학과 현장실습 안내,심리학과 소속의 학생 및 교직원을 위한 현장실습 안내 안내 챗봇입니다.,user1038,2025-06-26T22:17:47.090596,2025-06-26T22:17:47.090596,사회과학대학,심리학과,,active,gpt-4o,general-llm,2048,1024,도우미 예진,공손하고 친절한 말투,친절하고 전문적인 성격으로 정확한 정보를 제공,현장실습 안내 관련 전문 상담을 제공합니다.,죄송합니다. 해당 내용에 대해서는 답변드릴 수 없습니다.,"['PDF', 'DOCX', 'TXT']",dragdrop,100,100,[],private,[],[],[],default.png,#ffffff,False,심리학과,user1038,,True,학생
67,전자공학과 교양 글쓰기,전자공학과 소속의 학생 및 교직원을 위한 교양 글쓰기 안내 챗봇입니다.,user1067,2025-06-26T22:17:47.090596,2025-06-26T22:17:47.090596,공과대학,전자공학과,,active,gpt-4o,general-llm,2048,1024,도우미 민수,공손하고 친절한 말투,친절하고 전문적인 성격으로 정확한 정보를 제공,교양 글쓰기 관련 전문 상담을 제공합니다.,죄송합니다. 해당 내용에 대해서는 답변드릴 수 없습니다.,"['PDF', 'DOCX', 'TXT']",dragdrop,100,100,[],private,[],[],[],default.png,#ffffff,False,전자공학과,user1067,,True,학생
6,기계공학과 교환학생 가이드,기계공학과 소속의 학생 및 교직원을 위한 교환학생 가이드 안내 챗봇입니다.,user1006,2025-06-26T22:17:47.090596,2025-06-26T22:17:47.090596,공과대학,기계공학과,,active,gpt-4o,general-llm,2048,1024,도우미 수빈,공손하고 친절한 말투,친절하고 전문적인 성격으로 정확한 정보를 제공,교환학생 가이드 관련 전문 상담을 제공합니다.,죄송합니다. 해당 내용에 대해서는 답변드릴 수 없습니다.,"['PDF', 'DOCX', 'TXT']",dragdrop,100,100,[],private,[],[],[],default.png,#ffffff,False,기계공학과,user1006,,True,학교
35,물리학과 논문표절 검사법,물리학과 소속의 학생 및 교직원을 위한 논문표절 검사법 안내 챗봇입니다.,user1035,2025-06-26T22:17:47.090596,2025-06-26T22:17:47.090596,자연과학대학,물리학과,,active,gpt-4o,general-llm,2048,1024,도우미 채원,공손하고 친절한 말투,친절하고 전문적인 성격으로 정확한 정보를 제공,논문표절 검사법 관련 전문 상담을 제공합니다.,죄송합니다. 해당 내용에 대해서는 답변드릴 수 없습니다.,"['PDF', 'DOCX', 'TXT']",dragdrop,100,100,[],private,[],[],[],default.png,#ffffff,False,물리학과,user1035,,True,학생
80,간호학과 마음챙김 명상,간호학과 소속의 학생 및 교직원을 위한 마음챙김 명상 안내 챗봇입니다.,user1080,2025-06-26T22:17:47.090596,2025-06-26T22:17:47.090596,의과대학,간호학과,,active,gpt-4o,general-llm,2048,1024,도우미 하은,공손하고 친절한 말투,친절하고 전문적인 성격으로 정확한 정보를 제공,마음챙김 명상 관련 전문 상담을 제공합니다.,죄송합니다. 해당 내용에 대해서는 답변드릴 수 없습니다.,"['PDF', 'DOCX', 'TXT']",dragdrop,100,100,[],private,[],[],[],default.png,#ffffff,False,간호학과,user1080,,True,학생
81,화학과 AI 에세이 채점기,화학과 소속의 학생 및 교직원을 위한 AI 에세이 채점기 안내 챗봇입니다.,user1081,2025-06-26T22:17:47.090596,2025-06-26T22:17:47.090596,자연과학대학,화학과,,active,gpt-4o,general-llm,2048,1024,도우미 민지,공손하고 친절한 말투,친절하고 전문적인 성격으로 정확한 정보를 제공,AI 에세이 채점기 관련 전문 상담을 제공합니다.,죄송합니다. 해당 내용에 대해서는 답변드릴 수 없습니다.,"['PDF', 'DOCX', 'TXT']",dragdrop,100,100,[],private,[],[],[],default.png,#ffffff,False,화학과,user1081,,True,학생
10,졸업 요건 안내,전공·교양 졸업 필수 이수 요건 안내,user1285,2025-06-26T22:11:48.231296,2025-06-26T22:11:48.231296,전체,전체,전체,active,gpt-4o,general-llm,2048,1024,지식나무 유진,밝고 캐주얼한 말투,친절하고 전문적인 성격,대학 구성원들이 질문한 주제에 대해 정확하고 친절하게 답변하는 역할을 수행합니다.,죄송합니다. 해당 내용에 대해서는 답변드릴 수 없습니다.,"[""PDF"", ""DOCX"", ""TXT""]",dragdrop,100,100,['user1285'],organization,[],['user1285'],['user1285'],default.png,#FFFFFF,False,AI Chatbot,user1285,univ,True,학교
24,법학과 상담센터 정보,법학과 소속의 학생 및 교직원을 위한 상담센터 정보 안내 챗봇입니다.,user1024,2025-06-26T22:17:47.090596,2025-06-26T22:17:47.090596,법과대학,법학과,,active,gpt-4o,general-llm,2048,1024,도우미 서연,공손하고 친절한 말투,친절하고 전문적인 성격으로 정확한 정보를 제공,상담센터 정보 관련 전문 상담을 제공합니다.,죄송합니다. 해당 내용에 대해서는 답변드릴 수 없습니다.,"['PDF', 'DOCX', 'TXT']",dragdrop,100,100,[],private,[],[],[],default.png,#ffffff,False,법학과,user1024,,True,학생
46,교양과목운영팀 경영 시뮬레이션,교양과목운영팀 소속의 학생 및 교직원을 위한 경영 시뮬레이션 안내 챗봇입니다.,user1046,2025-06-26T22:17:47.090596,2025-06-26T22:17:47.090596,교양교육원,교양과목운영팀,,active,gpt-4o,general-llm,2048,1024,도우미 수빈,공손하고 친절한 말투,친절하고 전문적인 성격으로 정확한 정보를 제공,경영 시뮬레이션 관련 전문 상담을 제공합니다.,죄송합니다. 해당 내용에 대해서는 답변드릴 수 없습니다.,"['PDF', 'DOCX', 'TXT']",dragdrop,100,100,[],private,[],[],[],default.png,#ffffff,False,교양과목운영팀,user1046,,True,학생
60,음악학과 작곡/음악 이론,음악학과 소속의 학생 및 교직원을 위한 작곡/음악 이론 안내 챗봇입니다.,user1060,2025-06-26T22:17:47.090596,2025-06-26T22:17:47.090596,예술대학,음악학과,,active,gpt-4o,general-llm,2048,1024,도우미 하은,공손하고 친절한 말투,친절하고 전문적인 성격으로 정확한 정보를 제공,작곡/음악 이론 관련 전문 상담을 제공합니다.,죄송합니다. 해당 내용에 대해서는 답변드릴 수 없습니다.,"['PDF', 'DOCX', 'TXT']",dragdrop,100,100,[],private,[],[],[],default.png,#ffffff,False,음악학과,user1060,,True,학생
19,법학과 AI 윤리 Q&A,법학과 소속의 학생 및 교직원을 위한 AI 윤리 Q&A 안내 챗봇입니다.,user1019,2025-06-26T22:17:47.090596,2025-06-26T22:17:47.090596,법과대학,법학과,,active,gpt-4o,general-llm,2048,1024,도우미 지우,공손하고 친절한 말투,친절하고 전문적인 성격으로 정확한 정보를 제공,AI 윤리 Q&A 관련 전문 상담을 제공합니다.,죄송합니다. 해당 내용에 대해서는 답변드릴 수 없습니다.,"['PDF', 'DOCX', 'TXT']",dragdrop,100,100,[],private,[],[],[],default.png,#ffffff,False,법학과,user1019,,True,학생
31,기계공학과 취업박람회 준비,기계공학과 소속의 학생 및 교직원을 위한 취업박람회 준비 안내 챗봇입니다.,user1031,2025-06-26T22:17:47.090596,2025-06-26T22:17:47.090596,공과대학,기계공학과,,active,gpt-4o,general-llm,2048,1024,도우미 민지,공손하고 친절한 말투,친절하고 전문적인 성격으로 정확한 정보를 제공,취업박람회 준비 관련 전문 상담을 제공합니다.,죄송합니다. 해당 내용에 대해서는 답변드릴 수 없습니다.,"['PDF', 'DOCX', 'TXT']",dragdrop,100,100,[],private,[],[],[],default.png,#ffffff,False,기계공학과,user1031,,True,학생
6,등록금 도우미,"등록금 납부 방법, 납부 일정, 분할 납부 등을 설명합니다.",user1343,2025-06-26T22:11:48.231296,2025-06-26T22:11:48.231296,전체,전체,전체,active,gpt-4o,general-llm,2048,1024,언어도우미 지수,논리적이고 간결한 말투,밝고 긍정적인 성격,대학 구성원들이 질문한 주제에 대해 정확하고 친절하게 답변하는 역할을 수행합니다.,죄송합니다. 해당 내용에 대해서는 답변드릴 수 없습니다.,"[""PDF"", ""DOCX"", ""TXT""]",dragdrop,100,100,['user1343'],organization,[],['user1343'],['user1343'],default.png,#FFFFFF,False,AI Chatbot,user1343,univ,True,학교
44,법학과 역사 사건 설명,법학과 소속의 학생 및 교직원을 위한 역사 사건 설명 안내 챗봇입니다.,user1044,2025-06-26T22:17:47.090596,2025-06-26T22:17:47.090596,법과대학,법학과,,active,gpt-4o,general-llm,2048,1024,도우미 서연,공손하고 친절한 말투,친절하고 전문적인 성격으로 정확한 정보를 제공,역사 사건 설명 관련 전문 상담을 제공합니다.,죄송합니다. 해당 내용에 대해서는 답변드릴 수 없습니다.,"['PDF', 'DOCX', 'TXT']",dragdrop,100,100,[],private,[],[],[],default.png,#ffffff,False,법학과,user1044,,True,학생
53,교양과목운영팀 논리적 글쓰기,교양과목운영팀 소속의 학생 및 교직원을 위한 논리적 글쓰기 안내 챗봇입니다.,user1053,2025-06-26T22:17:47.090596,2025-06-26T22:17:47.090596,교양교육원,교양과목운영팀,,active,gpt-4o,general-llm,2048,1024,도우미 현우,공손하고 친절한 말투,친절하고 전문적인 성격으로 정확한 정보를 제공,논리적 글쓰기 관련 전문 상담을 제공합니다.,죄송합니다. 해당 내용에 대해서는 답변드릴 수 없습니다.,"['PDF', 'DOCX', 'TXT']",dragdrop,100,100,[],private,[],[],[],default.png,#ffffff,False,교양과목운영팀,user1053,,True,학생
30,화학과 창업지원센터,화학과 소속의 학생 및 교직원을 위한 창업지원센터 안내 챗봇입니다.,user1030,2025-06-26T22:17:47.090596,2025-06-26T22:17:47.090596,자연과학대학,화학과,,active,gpt-4o,general-llm,2048,1024,도우미 하은,공손하고 친절한 말투,친절하고 전문적인 성격으로 정확한 정보를 제공,창업지원센터 관련 전문 상담을 제공합니다.,죄송합니다. 해당 내용에 대해서는 답변드릴 수 없습니다.,"['PDF', 'DOCX', 'TXT']",dragdrop,100,100,[],private,[],[],[],default.png,#ffffff,False,화학과,user1030,,True,학생
26,교양과목운영팀 교직 이수 관련,교양과목운영팀 소속의 학생 및 교직원을 위한 교직 이수 관련 안내 챗봇입니다.,user1026,2025-06-26T22:17:47.090596,2025-06-26T22:17:47.090596,교양교육원,교양과목운영팀,,active,gpt-4o,general-llm,2048,1024,도우미 수빈,공손하고 친절한 말투,친절하고 전문적인 성격으로 정확한 정보를 제공,교직 이수 관련 관련 전문 상담을 제공합니다.,죄송합니다. 해당 내용에 대해서는 답변드릴 수 없습니다.,"['PDF', 'DOCX', 'TXT']",dragdrop,100,100,[],private,[],[],[],default.png,#ffffff,False,교양과목운영팀,user1026,,True,학생
7,법학과 학사일정 질문,법학과 소속의 학생 및 교직원을 위한 학사일정 질문 안내 챗봇입니다.,user1007,2025-06-26T22:17:47.090596,2025-06-26T22:17:47.090596,법과대학,법학과,,active,gpt-4o,general-llm,2048,1024,도우미 민수,공손하고 친절한 말투,친절하고 전문적인 성격으로 정확한 정보를 제공,학사일정 질문 관련 전문 상담을 제공합니다.,죄송합니다. 해당 내용에 대해서는 답변드릴 수 없습니다.,"['PDF', 'DOCX', 'TXT']",dragdrop,100,100,[],private,[],[],[],default.png,#ffffff,False,법학과,user1007,,True,학교
95,정치외교학과 단기연수 정보,정치외교학과 소속의 학생 및 교직원을 위한 단기연수 정보 안내 챗봇입니다.,user1095,2025-06-26T22:17:47.090596,2025-06-26T22:17:47.090596,사회과학대학,정치외교학과,,active,gpt-4o,general-llm,2048,1024,도우미 채원,공손하고 친절한 말투,친절하고 전문적인 성격으로 정확한 정보를 제공,단기연수 정보 관련 전문 상담을 제공합니다.,죄송합니다. 해당 내용에 대해서는 답변드릴 수 없습니다.,"['PDF', 'DOCX', 'TXT']",dragdrop,100,100,[],private,[],[],[],default.png,#ffffff,False,정치외교학과,user1095,,True,학생
25,전자공학과 이중전공 안내,전자공학과 소속의 학생 및 교직원을 위한 이중전공 안내 안내 챗봇입니다.,user1025,2025-06-26T22:17:47.090596,2025-06-26T22:17:47.090596,공과대학,전자공학과,,active,gpt-4o,general-llm,2048,1024,도우미 채원,공손하고 친절한 말투,친절하고 전문적인 성격으로 정확한 정보를 제공,이중전공 안내 관련 전문 상담을 제공합니다.,죄송합니다. 해당 내용에 대해서는 답변드릴 수 없습니다.,"['PDF', 'DOCX', 'TXT']",dragdrop,100,100,[],private,[],[],[],default.png,#ffffff,False,전자공학과,user1025,,True,학생
58,사회학과 디자인 씽킹 챗봇,사회학과 소속의 학생 및 교직원을 위한 디자인 씽킹 챗봇 안내 챗봇입니다.,user1058,2025-06-26T22:17:47.090596,2025-06-26T22:17:47.090596,사회과학대학,사회학과,,active,gpt-4o,general-llm,2048,1024,도우미 예진,공손하고 친절한 말투,친절하고 전문적인 성격으로 정확한 정보를 제공,디자인 씽킹 챗봇 관련 전문 상담을 제공합니다.,죄송합니다. 해당 내용에 대해서는 답변드릴 수 없습니다.,"['PDF', 'DOCX', 'TXT']",dragdrop,100,100,[],private,[],[],[],default.png,#ffffff,False,사회학과,user1058,,True,학생
8,AI 수업 비서,AI 관련 수업 커리큘럼 및 학습 자료 안내,user1292,2025-06-26T22:11:48.231296,2025-06-26T22:11:48.231296,전체,전체,전체,active,gpt-4o,general-llm,2048,1024,복지비서 우성,논리적이고 간결한 말투,논리적이고 정확한 성격,대학 구성원들이 질문한 주제에 대해 정확하고 친절하게 답변하는 역할을 수행합니다.,죄송합니다. 해당 내용에 대해서는 답변드릴 수 없습니다.,"[""PDF"", ""DOCX"", ""TXT""]",dragdrop,100,100,['user1292'],organization,[],['user1292'],['user1292'],default.png,#FFFFFF,False,AI Chatbot,user1292,univ,True,학생
34,마케팅학과 자기소개서 첨삭,마케팅학과 소속의 학생 및 교직원을 위한 자기소개서 첨삭 안내 챗봇입니다.,user1034,2025-06-26T22:17:47.090596,2025-06-26T22:17:47.090596,경영대학,마케팅학과,,active,gpt-4o,general-llm,2048,1024,도우미 서연,공손하고 친절한 말투,친절하고 전문적인 성격으로 정확한 정보를 제공,자기소개서 첨삭 관련 전문 상담을 제공합니다.,죄송합니다. 해당 내용에 대해서는 답변드릴 수 없습니다.,"['PDF', 'DOCX', 'TXT']",dragdrop,100,100,[],private,[],[],[],default.png,#ffffff,False,마케팅학과,user1034,,True,학생
57,국어국문학과 공학설계 마스터,국어국문학과 소속의 학생 및 교직원을 위한 공학설계 마스터 안내 챗봇입니다.,user1057,2025-06-26T22:17:47.090596,2025-06-26T22:17:47.090596,인문대학,국어국문학과,,active,gpt-4o,general-llm,2048,1024,도우미 민수,공손하고 친절한 말투,친절하고 전문적인 성격으로 정확한 정보를 제공,공학설계 마스터 관련 전문 상담을 제공합니다.,죄송합니다. 해당 내용에 대해서는 답변드릴 수 없습니다.,"['PDF', 'DOCX', 'TXT']",dragdrop,100,100,[],private,[],[],[],default.png,#ffffff,False,국어국문학과,user1057,,True,학생
64,의학과 해부학 공부법,의학과 소속의 학생 및 교직원을 위한 해부학 공부법 안내 챗봇입니다.,user1064,2025-06-26T22:17:47.090596,2025-06-26T22:17:47.090596,의과대학,의학과,,active,gpt-4o,general-llm,2048,1024,도우미 서연,공손하고 친절한 말투,친절하고 전문적인 성격으로 정확한 정보를 제공,해부학 공부법 관련 전문 상담을 제공합니다.,죄송합니다. 해당 내용에 대해서는 답변드릴 수 없습니다.,"['PDF', 'DOCX', 'TXT']",dragdrop,100,100,[],private,[],[],[],default.png,#ffffff,False,의학과,user1064,,True,학생
18,음악학과 시험 대비 전략,음악학과 소속의 학생 및 교직원을 위한 시험 대비 전략 안내 챗봇입니다.,user1018,2025-06-26T22:17:47.090596,2025-06-26T22:17:47.090596,예술대학,음악학과,,active,gpt-4o,general-llm,2048,1024,도우미 예진,공손하고 친절한 말투,친절하고 전문적인 성격으로 정확한 정보를 제공,시험 대비 전략 관련 전문 상담을 제공합니다.,죄송합니다. 해당 내용에 대해서는 답변드릴 수 없습니다.,"['PDF', 'DOCX', 'TXT']",dragdrop,100,100,[],private,[],[],[],default.png,#ffffff,False,음악학과,user1018,,True,학생
10,심리학과 실험실 안전 교육,심리학과 소속의 학생 및 교직원을 위한 실험실 안전 교육 안내 챗봇입니다.,user1010,2025-06-26T22:17:47.090596,2025-06-26T22:17:47.090596,사회과학대학,심리학과,,active,gpt-4o,general-llm,2048,1024,도우미 하은,공손하고 친절한 말투,친절하고 전문적인 성격으로 정확한 정보를 제공,실험실 안전 교육 관련 전문 상담을 제공합니다.,죄송합니다. 해당 내용에 대해서는 답변드릴 수 없습니다.,"['PDF', 'DOCX', 'TXT']",dragdrop,100,100,[],private,[],[],[],default.png,#ffffff,False,심리학과,user1010,,True,학생
79,무용학과 집중력 높이는 법,무용학과 소속의 학생 및 교직원을 위한 집중력 높이는 법 안내 챗봇입니다.,user1079,2025-06-26T22:17:47.090596,2025-06-26T22:17:47.090596,예술대학,무용학과,,active,gpt-4o,general-llm,2048,1024,도우미 지우,공손하고 친절한 말투,친절하고 전문적인 성격으로 정확한 정보를 제공,집중력 높이는 법 관련 전문 상담을 제공합니다.,죄송합니다. 해당 내용에 대해서는 답변드릴 수 없습니다.,"['PDF', 'DOCX', 'TXT']",dragdrop,100,100,[],private,[],[],[],default.png,#ffffff,False,무용학과,user1079,,True,학생
84,교양과목운영팀 전과/편입 안내,교양과목운영팀 소속의 학생 및 교직원을 위한 전과/편입 안내 안내 챗봇입니다.,user1084,2025-06-26T22:17:47.090596,2025-06-26T22:17:47.090596,교양교육원,교양과목운영팀,,active,gpt-4o,general-llm,2048,1024,도우미 서연,공손하고 친절한 말투,친절하고 전문적인 성격으로 정확한 정보를 제공,전과/편입 안내 관련 전문 상담을 제공합니다.,죄송합니다. 해당 내용에 대해서는 답변드릴 수 없습니다.,"['PDF', 'DOCX', 'TXT']",dragdrop,100,100,[],private,[],[],[],default.png,#ffffff,False,교양과목운영팀,user1084,,True,학생
16,간호학과 진학상담,간호학과 소속의 학생 및 교직원을 위한 진학상담 안내 챗봇입니다.,user1016,2025-06-26T22:17:47.090596,2025-06-26T22:17:47.090596,의과대학,간호학과,,active,gpt-4o,general-llm,2048,1024,도우미 수빈,공손하고 친절한 말투,친절하고 전문적인 성격으로 정확한 정보를 제공,진학상담 관련 전문 상담을 제공합니다.,죄송합니다. 해당 내용에 대해서는 답변드릴 수 없습니다.,"['PDF', 'DOCX', 'TXT']",dragdrop,100,100,[],private,[],[],[],default.png,#ffffff,False,간호학과,user1016,,True,학생
9,인턴십 가이드,인턴십 프로그램 및 기업 연계 정보 안내,user1030,2025-06-26T22:11:48.231296,2025-06-26T22:11:48.231296,전체,전체,전체,active,gpt-4o,general-llm,2048,1024,책임연구자 민경,논리적이고 간결한 말투,논리적이고 정확한 성격,대학 구성원들이 질문한 주제에 대해 정확하고 친절하게 답변하는 역할을 수행합니다.,죄송합니다. 해당 내용에 대해서는 답변드릴 수 없습니다.,"[""PDF"", ""DOCX"", ""TXT""]",dragdrop,100,100,['user1030'],organization,[],['user1030'],['user1030'],default.png,#FFFFFF,False,AI Chatbot,user1030,univ,True,기능형
92,정치외교학과 카카오톡 챗봇 튜토리얼,정치외교학과 소속의 학생 및 교직원을 위한 카카오톡 챗봇 튜토리얼 안내 챗봇입니다.,user1092,2025-06-26T22:17:47.090596,2025-06-26T22:17:47.090596,사회과학대학,정치외교학과,,active,gpt-4o,general-llm,2048,1024,도우미 지훈,공손하고 친절한 말투,친절하고 전문적인 성격으로 정확한 정보를 제공,카카오톡 챗봇 튜토리얼 관련 전문 상담을 제공합니다.,죄송합니다. 해당 내용에 대해서는 답변드릴 수 없습니다.,"['PDF', 'DOCX', 'TXT']",dragdrop,100,100,[],private,[],[],[],default.png,#ffffff,False,정치외교학과,user1092,,True,학생
40,회계학과 AI 학습 길잡이,회계학과 소속의 학생 및 교직원을 위한 AI 학습 길잡이 안내 챗봇입니다.,user1040,2025-06-26T22:17:47.090596,2025-06-26T22:17:47.090596,경영대학,회계학과,,active,gpt-4o,general-llm,2048,1024,도우미 하은,공손하고 친절한 말투,친절하고 전문적인 성격으로 정확한 정보를 제공,AI 학습 길잡이 관련 전문 상담을 제공합니다.,죄송합니다. 해당 내용에 대해서는 답변드릴 수 없습니다.,"['PDF', 'DOCX', 'TXT']",dragdrop,100,100,[],private,[],[],[],default.png,#ffffff,False,회계학과,user1040,,True,학생
4,사회학과 학습 도우미,사회학과 소속의 학생 및 교직원을 위한 학습 도우미 안내 챗봇입니다.,user1004,2025-06-26T22:17:47.090596,2025-06-26T22:17:47.090596,사회과학대학,사회학과,,active,gpt-4o,general-llm,2048,1024,도우미 서연,공손하고 친절한 말투,친절하고 전문적인 성격으로 정확한 정보를 제공,학습 도우미 관련 전문 상담을 제공합니다.,죄송합니다. 해당 내용에 대해서는 답변드릴 수 없습니다.,"['PDF', 'DOCX', 'TXT']",dragdrop,100,100,[],private,[],[],[],default.png,#ffffff,False,사회학과,user1004,,True,학생
68,경영학과 사회이슈 토론 조언,경영학과 소속의 학생 및 교직원을 위한 사회이슈 토론 조언 안내 챗봇입니다.,user1068,2025-06-26T22:17:47.090596,2025-06-26T22:17:47.090596,경영대학,경영학과,,active,gpt-4o,general-llm,2048,1024,도우미 예진,공손하고 친절한 말투,친절하고 전문적인 성격으로 정확한 정보를 제공,사회이슈 토론 조언 관련 전문 상담을 제공합니다.,죄송합니다. 해당 내용에 대해서는 답변드릴 수 없습니다.,"['PDF', 'DOCX', 'TXT']",dragdrop,100,100,[],private,[],[],[],default.png,#ffffff,False,경영학과,user1068,,True,학생
15,의학과 장학금 Q&A,의학과 소속의 학생 및 교직원을 위한 장학금 Q&A 안내 챗봇입니다.,user1015,2025-06-26T22:17:47.090596,2025-06-26T22:17:47.090596,의과대학,의학과,,active,gpt-4o,general-llm,2048,1024,도우미 채원,공손하고 친절한 말투,친절하고 전문적인 성격으로 정확한 정보를 제공,장학금 Q&A 관련 전문 상담을 제공합니다.,죄송합니다. 해당 내용에 대해서는 답변드릴 수 없습니다.,"['PDF', 'DOCX', 'TXT']",dragdrop,100,100,[],private,[],[],[],default.png,#ffffff,False,의학과,user1015,,True,학교
4,교수진 탐색기,전공별 교수진 정보와 연구 분야를 알려줍니다.,user1340,2025-06-26T22:11:48.231296,2025-06-26T22:11:48.231296,전체,전체,전체,active,gpt-4o,general-llm,2048,1024,수업도우미 하람,논리적이고 간결한 말투,밝고 긍정적인 성격,대학 구성원들이 질문한 주제에 대해 정확하고 친절하게 답변하는 역할을 수행합니다.,죄송합니다. 해당 내용에 대해서는 답변드릴 수 없습니다.,"[""PDF"", ""DOCX"", ""TXT""]",dragdrop,100,100,['user1340'],organization,[],['user1340'],['user1340'],default.png,#FFFFFF,False,AI Chatbot,user1340,univ,True,교수
8,교양과목운영팀 동아리 소개,교양과목운영팀 소속의 학생 및 교직원을 위한 동아리 소개 안내 챗봇입니다.,user1008,2025-06-26T22:17:47.090596,2025-06-26T22:17:47.090596,교양교육원,교양과목운영팀,,active,gpt-4o,general-llm,2048,1024,도우미 예진,공손하고 친절한 말투,친절하고 전문적인 성격으로 정확한 정보를 제공,동아리 소개 관련 전문 상담을 제공합니다.,죄송합니다. 해당 내용에 대해서는 답변드릴 수 없습니다.,"['PDF', 'DOCX', 'TXT']",dragdrop,100,100,[],private,[],[],[],default.png,#ffffff,False,교양과목운영팀,user1008,,True,학생
29,수학교육과 전공 탐색 도우미,수학교육과 소속의 학생 및 교직원을 위한 전공 탐색 도우미 안내 챗봇입니다.,user1029,2025-06-26T22:17:47.090596,2025-06-26T22:17:47.090596,사범대학,수학교육과,,active,gpt-4o,general-llm,2048,1024,도우미 지우,공손하고 친절한 말투,친절하고 전문적인 성격으로 정확한 정보를 제공,전공 탐색 도우미 관련 전문 상담을 제공합니다.,죄송합니다. 해당 내용에 대해서는 답변드릴 수 없습니다.,"['PDF', 'DOCX', 'TXT']",dragdrop,100,100,[],private,[],[],[],default.png,#ffffff,False,수학교육과,user1029,,True,학생
76,사학과 강의 수업 녹화,사학과 소속의 학생 및 교직원을 위한 강의 수업 녹화 안내 챗봇입니다.,user1076,2025-06-26T22:17:47.090596,2025-06-26T22:17:47.090596,인문대학,사학과,,active,gpt-4o,general-llm,2048,1024,도우미 수빈,공손하고 친절한 말투,친절하고 전문적인 성격으로 정확한 정보를 제공,강의 수업 녹화 관련 전문 상담을 제공합니다.,죄송합니다. 해당 내용에 대해서는 답변드릴 수 없습니다.,"['PDF', 'DOCX', 'TXT']",dragdrop,100,100,[],private,[],[],[],default.png,#ffffff,False,사학과,user1076,,True,학생
7,동아리 소개봇,학생 자치 동아리 및 중앙 동아리 정보 제공,user1198,2025-06-26T22:11:48.231296,2025-06-26T22:11:48.231296,전체,전체,전체,active,gpt-4o,general-llm,2048,1024,캠퍼스길라잡이 채린,논리적이고 간결한 말투,친절하고 전문적인 성격,대학 구성원들이 질문한 주제에 대해 정확하고 친절하게 답변하는 역할을 수행합니다.,죄송합니다. 해당 내용에 대해서는 답변드릴 수 없습니다.,"[""PDF"", ""DOCX"", ""TXT""]",dragdrop,100,100,['user1198'],organization,[],['user1198'],['user1198'],default.png,#FFFFFF,False,AI Chatbot,user1198,univ,True,학생
96,간호학과 AI 세미나 소식,간호학과 소속의 학생 및 교직원을 위한 AI 세미나 소식 안내 챗봇입니다.,user1096,2025-06-26T22:17:47.090596,2025-06-26T22:17:47.090596,의과대학,간호학과,,active,gpt-4o,general-llm,2048,1024,도우미 수빈,공손하고 친절한 말투,친절하고 전문적인 성격으로 정확한 정보를 제공,AI 세미나 소식 관련 전문 상담을 제공합니다.,죄송합니다. 해당 내용에 대해서는 답변드릴 수 없습니다.,"['PDF', 'DOCX', 'TXT']",dragdrop,100,100,[],private,[],[],[],default.png,#ffffff,False,간호학과,user1096,,True,학생
86,무용학과 학생 포털 이용법,무용학과 소속의 학생 및 교직원을 위한 학생 포털 이용법 안내 챗봇입니다.,user1086,2025-06-26T22:17:47.090596,2025-06-26T22:17:47.090596,예술대학,무용학과,,active,gpt-4o,general-llm,2048,1024,도우미 수빈,공손하고 친절한 말투,친절하고 전문적인 성격으로 정확한 정보를 제공,학생 포털 이용법 관련 전문 상담을 제공합니다.,죄송합니다. 해당 내용에 대해서는 답변드릴 수 없습니다.,"['PDF', 'DOCX', 'TXT']",dragdrop,100,100,[],private,[],[],[],default.png,#ffffff,False,무용학과,user1086,,True,학생
82,전자공학과 심리 자가 진단,전자공학과 소속의 학생 및 교직원을 위한 심리 자가 진단 안내 챗봇입니다.,user1082,2025-06-26T22:17:47.090596,2025-06-26T22:17:47.090596,공과대학,전자공학과,,active,gpt-4o,general-llm,2048,1024,도우미 지훈,공손하고 친절한 말투,친절하고 전문적인 성격으로 정확한 정보를 제공,심리 자가 진단 관련 전문 상담을 제공합니다.,죄송합니다. 해당 내용에 대해서는 답변드릴 수 없습니다.,"['PDF', 'DOCX', 'TXT']",dragdrop,100,100,[],private,[],[],[],default.png,#ffffff,False,전자공학과,user1082,,True,학생
45,회계학과 철학 개념 정리,회계학과 소속의 학생 및 교직원을 위한 철학 개념 정리 안내 챗봇입니다.,user1045,2025-06-26T22:17:47.090596,2025-06-26T22:17:47.090596,경영대학,회계학과,,active,gpt-4o,general-llm,2048,1024,도우미 채원,공손하고 친절한 말투,친절하고 전문적인 성격으로 정확한 정보를 제공,철학 개념 정리 관련 전문 상담을 제공합니다.,죄송합니다. 해당 내용에 대해서는 답변드릴 수 없습니다.,"['PDF', 'DOCX', 'TXT']",dragdrop,100,100,[],private,[],[],[],default.png,#ffffff,False,회계학과,user1045,,True,학생
41,교육학과 프로그래밍 튜터,교육학과 소속의 학생 및 교직원을 위한 프로그래밍 튜터 안내 챗봇입니다.,user1041,2025-06-26T22:17:47.090596,2025-06-26T22:17:47.090596,사범대학,교육학과,,active,gpt-4o,general-llm,2048,1024,도우미 민지,공손하고 친절한 말투,친절하고 전문적인 성격으로 정확한 정보를 제공,프로그래밍 튜터 관련 전문 상담을 제공합니다.,죄송합니다. 해당 내용에 대해서는 답변드릴 수 없습니다.,"['PDF', 'DOCX', 'TXT']",dragdrop,100,100,[],private,[],[],[],default.png,#ffffff,False,교육학과,user1041,,True,학생
89,교양과목운영팀 유튜브 강의 추천,교양과목운영팀 소속의 학생 및 교직원을 위한 유튜브 강의 추천 안내 챗봇입니다.,user1089,2025-06-26T22:17:47.090596,2025-06-26T22:17:47.090596,교양교육원,교양과목운영팀,,active,gpt-4o,general-llm,2048,1024,도우미 지우,공손하고 친절한 말투,친절하고 전문적인 성격으로 정확한 정보를 제공,유튜브 강의 추천 관련 전문 상담을 제공합니다.,죄송합니다. 해당 내용에 대해서는 답변드릴 수 없습니다.,"['PDF', 'DOCX', 'TXT']",dragdrop,100,100,[],private,[],[],[],default.png,#ffffff,False,교양과목운영팀,user1089,,True,학생
37,전자공학과 세미나 안내,전자공학과 소속의 학생 및 교직원을 위한 세미나 안내 안내 챗봇입니다.,user1037,2025-06-26T22:17:47.090596,2025-06-26T22:17:47.090596,공과대학,전자공학과,,active,gpt-4o,general-llm,2048,1024,도우미 민수,공손하고 친절한 말투,친절하고 전문적인 성격으로 정확한 정보를 제공,세미나 안내 관련 전문 상담을 제공합니다.,죄송합니다. 해당 내용에 대해서는 답변드릴 수 없습니다.,"['PDF', 'DOCX', 'TXT']",dragdrop,100,100,[],private,[],[],[],default.png,#ffffff,False,전자공학과,user1037,,True,학생
74,교양과목운영팀 학생 성과 공유,교양과목운영팀 소속의 학생 및 교직원을 위한 학생 성과 공유 안내 챗봇입니다.,user1074,2025-06-26T22:17:47.090596,2025-06-26T22:17:47.090596,교양교육원,교양과목운영팀,,active,gpt-4o,general-llm,2048,1024,도우미 서연,공손하고 친절한 말투,친절하고 전문적인 성격으로 정확한 정보를 제공,학생 성과 공유 관련 전문 상담을 제공합니다.,죄송합니다. 해당 내용에 대해서는 답변드릴 수 없습니다.,"['PDF', 'DOCX', 'TXT']",dragdrop,100,100,[],private,[],[],[],default.png,#ffffff,False,교양과목운영팀,user1074,,True,학생
52,정치외교학과 창의력 키우기,정치외교학과 소속의 학생 및 교직원을 위한 창의력 키우기 안내 챗봇입니다.,user1052,2025-06-26T22:17:47.090596,2025-06-26T22:17:47.090596,사회과학대학,정치외교학과,,active,gpt-4o,general-llm,2048,1024,도우미 지훈,공손하고 친절한 말투,친절하고 전문적인 성격으로 정확한 정보를 제공,창의력 키우기 관련 전문 상담을 제공합니다.,죄송합니다. 해당 내용에 대해서는 답변드릴 수 없습니다.,"['PDF', 'DOCX', 'TXT']",dragdrop,100,100,[],private,[],[],[],default.png,#ffffff,False,정치외교학과,user1052,,True,학생
97,화학과 심층 인터뷰 준비,화학과 소속의 학생 및 교직원을 위한 심층 인터뷰 준비 안내 챗봇입니다.,user1097,2025-06-26T22:17:47.090596,2025-06-26T22:17:47.090596,자연과학대학,화학과,,active,gpt-4o,general-llm,2048,1024,도우미 민수,공손하고 친절한 말투,친절하고 전문적인 성격으로 정확한 정보를 제공,심층 인터뷰 준비 관련 전문 상담을 제공합니다.,죄송합니다. 해당 내용에 대해서는 답변드릴 수 없습니다.,"['PDF', 'DOCX', 'TXT']",dragdrop,100,100,[],private,[],[],[],default.png,#ffffff,False,화학과,user1097,,True,학생
91,사회학과 클래스룸 에티켓,사회학과 소속의 학생 및 교직원을 위한 클래스룸 에티켓 안내 챗봇입니다.,user1091,2025-06-26T22:17:47.090596,2025-06-26T22:17:47.090596,사회과학대학,사회학과,,active,gpt-4o,general-llm,2048,1024,도우미 민지,공손하고 친절한 말투,친절하고 전문적인 성격으로 정확한 정보를 제공,클래스룸 에티켓 관련 전문 상담을 제공합니다.,죄송합니다. 해당 내용에 대해서는 답변드릴 수 없습니다.,"['PDF', 'DOCX', 'TXT']",dragdrop,100,100,[],private,[],[],[],default.png,#ffffff,False,사회학과,user1091,,True,학생
32,법학과 포트폴리오 작성법,법학과 소속의 학생 및 교직원을 위한 포트폴리오 작성법 안내 챗봇입니다.,user1032,2025-06-26T22:17:47.090596,2025-06-26T22:17:47.090596,법과대학,법학과,,active,gpt-4o,general-llm,2048,1024,도우미 지훈,공손하고 친절한 말투,친절하고 전문적인 성격으로 정확한 정보를 제공,포트폴리오 작성법 관련 전문 상담을 제공합니다.,죄송합니다. 해당 내용에 대해서는 답변드릴 수 없습니다.,"['PDF', 'DOCX', 'TXT']",dragdrop,100,100,[],private,[],[],[],default.png,#ffffff,False,법학과,user1032,,True,학생
49,사학과 학생회 활동,사학과 소속의 학생 및 교직원을 위한 학생회 활동 안내 챗봇입니다.,user1049,2025-06-26T22:17:47.090596,2025-06-26T22:17:47.090596,인문대학,사학과,,active,gpt-4o,general-llm,2048,1024,도우미 지우,공손하고 친절한 말투,친절하고 전문적인 성격으로 정확한 정보를 제공,학생회 활동 관련 전문 상담을 제공합니다.,죄송합니다. 해당 내용에 대해서는 답변드릴 수 없습니다.,"['PDF', 'DOCX', 'TXT']",dragdrop,100,100,[],private,[],[],[],default.png,#ffffff,False,사학과,user1049,,True,학생
39,전자공학과 전공별 산업동향,전자공학과 소속의 학생 및 교직원을 위한 전공별 산업동향 안내 챗봇입니다.,user1039,2025-06-26T22:17:47.090596,2025-06-26T22:17:47.090596,공과대학,전자공학과,,active,gpt-4o,general-llm,2048,1024,도우미 지우,공손하고 친절한 말투,친절하고 전문적인 성격으로 정확한 정보를 제공,전공별 산업동향 관련 전문 상담을 제공합니다.,죄송합니다. 해당 내용에 대해서는 답변드릴 수 없습니다.,"['PDF', 'DOCX', 'TXT']",dragdrop,100,100,[],private,[],[],[],default.png,#ffffff,False,전자공학과,user1039,,True,학생
85,법학과 성적 확인법,법학과 소속의 학생 및 교직원을 위한 성적 확인법 안내 챗봇입니다.,user1085,2025-06-26T22:17:47.090596,2025-06-26T22:17:47.090596,법과대학,법학과,,active,gpt-4o,general-llm,2048,1024,도우미 채원,공손하고 친절한 말투,친절하고 전문적인 성격으로 정확한 정보를 제공,성적 확인법 관련 전문 상담을 제공합니다.,죄송합니다. 해당 내용에 대해서는 답변드릴 수 없습니다.,"['PDF', 'DOCX', 'TXT']",dragdrop,100,100,[],private,[],[],[],default.png,#ffffff,False,법학과,user1085,,True,학생
48,국어국문학과 심리실험 안내,국어국문학과 소속의 학생 및 교직원을 위한 심리실험 안내 안내 챗봇입니다.,user1048,2025-06-26T22:17:47.090596,2025-06-26T22:17:47.090596,인문대학,국어국문학과,,active,gpt-4o,general-llm,2048,1024,도우미 예진,공손하고 친절한 말투,친절하고 전문적인 성격으로 정확한 정보를 제공,심리실험 안내 관련 전문 상담을 제공합니다.,죄송합니다. 해당 내용에 대해서는 답변드릴 수 없습니다.,"['PDF', 'DOCX', 'TXT']",dragdrop,100,100,[],private,[],[],[],default.png,#ffffff,False,국어국문학과,user1048,,True,학생
66,교양과목운영팀 법률 기초 지식,교양과목운영팀 소속의 학생 및 교직원을 위한 법률 기초 지식 안내 챗봇입니다.,user1066,2025-06-26T22:17:47.090596,2025-06-26T22:17:47.090596,교양교육원,교양과목운영팀,,active,gpt-4o,general-llm,2048,1024,도우미 수빈,공손하고 친절한 말투,친절하고 전문적인 성격으로 정확한 정보를 제공,법률 기초 지식 관련 전문 상담을 제공합니다.,죄송합니다. 해당 내용에 대해서는 답변드릴 수 없습니다.,"['PDF', 'DOCX', 'TXT']",dragdrop,100,100,[],private,[],[],[],default.png,#ffffff,False,교양과목운영팀,user1066,,True,학생
23,화학과 기숙사 생활 가이드,화학과 소속의 학생 및 교직원을 위한 기숙사 생활 가이드 안내 챗봇입니다.,user1023,2025-06-26T22:17:47.090596,2025-06-26T22:17:47.090596,자연과학대학,화학과,,active,gpt-4o,general-llm,2048,1024,도우미 현우,공손하고 친절한 말투,친절하고 전문적인 성격으로 정확한 정보를 제공,기숙사 생활 가이드 관련 전문 상담을 제공합니다.,죄송합니다. 해당 내용에 대해서는 답변드릴 수 없습니다.,"['PDF', 'DOCX', 'TXT']",dragdrop,100,100,[],private,[],[],[],default.png,#ffffff,False,화학과,user1023,,True,학생
94,의학과 국제 학술 교류,의학과 소속의 학생 및 교직원을 위한 국제 학술 교류 안내 챗봇입니다.,user1094,2025-06-26T22:17:47.090596,2025-06-26T22:17:47.090596,의과대학,의학과,,active,gpt-4o,general-llm,2048,1024,도우미 서연,공손하고 친절한 말투,친절하고 전문적인 성격으로 정확한 정보를 제공,국제 학술 교류 관련 전문 상담을 제공합니다.,죄송합니다. 해당 내용에 대해서는 답변드릴 수 없습니다.,"['PDF', 'DOCX', 'TXT']",dragdrop,100,100,[],private,[],[],[],default.png,#ffffff,False,의학과,user1094,,True,학생
50,사회학과 수업평가 가이드,사회학과 소속의 학생 및 교직원을 위한 수업평가 가이드 안내 챗봇입니다.,user1050,2025-06-26T22:17:47.090596,2025-06-26T22:17:47.090596,사회과학대학,사회학과,,active,gpt-4o,general-llm,2048,1024,도우미 하은,공손하고 친절한 말투,친절하고 전문적인 성격으로 정확한 정보를 제공,수업평가 가이드 관련 전문 상담을 제공합니다.,죄송합니다. 해당 내용에 대해서는 답변드릴 수 없습니다.,"['PDF', 'DOCX', 'TXT']",dragdrop,100,100,[],private,[],[],[],default.png,#ffffff,False,사회학과,user1050,,True,학생
54,음악학과 기초 수학 도우미,음악학과 소속의 학생 및 교직원을 위한 기초 수학 도우미 안내 챗봇입니다.,user1054,2025-06-26T22:17:47.090596,2025-06-26T22:17:47.090596,예술대학,음악학과,,active,gpt-4o,general-llm,2048,1024,도우미 서연,공손하고 친절한 말투,친절하고 전문적인 성격으로 정확한 정보를 제공,기초 수학 도우미 관련 전문 상담을 제공합니다.,죄송합니다. 해당 내용에 대해서는 답변드릴 수 없습니다.,"['PDF', 'DOCX', 'TXT']",dragdrop,100,100,[],private,[],[],[],default.png,#ffffff,False,음악학과,user1054,,True,학생
98,간호학과 UX/UI 안내,간호학과 소속의 학생 및 교직원을 위한 UX/UI 안내 안내 챗봇입니다.,user1098,2025-06-26T22:17:47.090596,2025-06-26T22:17:47.090596,의과대학,간호학과,,active,gpt-4o,general-llm,2048,1024,도우미 예진,공손하고 친절한 말투,친절하고 전문적인 성격으로 정확한 정보를 제공,UX/UI 안내 관련 전문 상담을 제공합니다.,죄송합니다. 해당 내용에 대해서는 답변드릴 수 없습니다.,"['PDF', 'DOCX', 'TXT']",dragdrop,100,100,[],private,[],[],[],default.png,#ffffff,False,간호학과,user1098,,True,학생
28,정치외교학과 대학원 진학 조언,정치외교학과 소속의 학생 및 교직원을 위한 대학원 진학 조언 안내 챗봇입니다.,user1028,2025-06-26T22:17:47.090596,2025-06-26T22:17:47.090596,사회과학대학,정치외교학과,,active,gpt-4o,general-llm,2048,1024,도우미 예진,공손하고 친절한 말투,친절하고 전문적인 성격으로 정확한 정보를 제공,대학원 진학 조언 관련 전문 상담을 제공합니다.,죄송합니다. 해당 내용에 대해서는 답변드릴 수 없습니다.,"['PDF', 'DOCX', 'TXT']",dragdrop,100,100,[],private,[],[],[],default.png,#ffffff,False,정치외교학과,user1028,,True,학생
20,영어교육과 비교과 프로그램 안내,영어교육과 소속의 학생 및 교직원을 위한 비교과 프로그램 안내 안내 챗봇입니다.,user1020,2025-06-26T22:17:47.090596,2025-06-26T22:17:47.090596,사범대학,영어교육과,,active,gpt-4o,general-llm,2048,1024,도우미 하은,공손하고 친절한 말투,친절하고 전문적인 성격으로 정확한 정보를 제공,비교과 프로그램 안내 관련 전문 상담을 제공합니다.,죄송합니다. 해당 내용에 대해서는 답변드릴 수 없습니다.,"['PDF', 'DOCX', 'TXT']",dragdrop,100,100,[],private,[],[],[],default.png,#ffffff,False,영어교육과,user1020,,True,학생
88,마케팅학과 동문 인터뷰,마케팅학과 소속의 학생 및 교직원을 위한 동문 인터뷰 안내 챗봇입니다.,user1088,2025-06-26T22:17:47.090596,2025-06-26T22:17:47.090596,경영대학,마케팅학과,,active,gpt-4o,general-llm,2048,1024,도우미 예진,공손하고 친절한 말투,친절하고 전문적인 성격으로 정확한 정보를 제공,동문 인터뷰 관련 전문 상담을 제공합니다.,죄송합니다. 해당 내용에 대해서는 답변드릴 수 없습니다.,"['PDF', 'DOCX', 'TXT']",dragdrop,100,100,[],private,[],[],[],default.png,#ffffff,False,마케팅학과,user1088,,True,학생
2,장학금 길잡이,교내·외 장학금 정보와 신청 요건을 안내합니다.,user1126,2025-06-26T22:11:48.231296,2025-06-26T22:11:48.231296,전체,전체,전체,active,gpt-4o,general-llm,2048,1024,진로길잡이 현우,밝고 캐주얼한 말투,친절하고 전문적인 성격,대학 구성원들이 질문한 주제에 대해 정확하고 친절하게 답변하는 역할을 수행합니다.,죄송합니다. 해당 내용에 대해서는 답변드릴 수 없습니다.,"[""PDF"", ""DOCX"", ""TXT""]",dragdrop,100,100,['user1126'],organization,[],['user1126'],['user1126'],default.png,#FFFFFF,False,AI Chatbot,user1126,univ,True,학교
43,사회학과 문학작품 해설,사회학과 소속의 학생 및 교직원을 위한 문학작품 해설 안내 챗봇입니다.,user1043,2025-06-26T22:17:47.090596,2025-06-26T22:17:47.090596,사회과학대학,사회학과,,active,gpt-4o,general-llm,2048,1024,도우미 현우,공손하고 친절한 말투,친절하고 전문적인 성격으로 정확한 정보를 제공,문학작품 해설 관련 전문 상담을 제공합니다.,죄송합니다. 해당 내용에 대해서는 답변드릴 수 없습니다.,"['PDF', 'DOCX', 'TXT']",dragdrop,100,100,[],private,[],[],[],default.png,#ffffff,False,사회학과,user1043,,True,학생
12,사회학과 전공별 자격증 정보,사회학과 소속의 학생 및 교직원을 위한 전공별 자격증 정보 안내 챗봇입니다.,user1012,2025-06-26T22:17:47.090596,2025-06-26T22:17:47.090596,사회과학대학,사회학과,,active,gpt-4o,general-llm,2048,1024,도우미 지훈,공손하고 친절한 말투,친절하고 전문적인 성격으로 정확한 정보를 제공,전공별 자격증 정보 관련 전문 상담을 제공합니다.,죄송합니다. 해당 내용에 대해서는 답변드릴 수 없습니다.,"['PDF', 'DOCX', 'TXT']",dragdrop,100,100,[],private,[],[],[],default.png,#ffffff,False,사회학과,user1012,,True,학생
3,캠퍼스 투어 가이드,"학교 시설, 캠퍼스 맵, 인기 장소를 소개합니다.",user1329,2025-06-26T22:11:48.231296,2025-06-26T22:11:48.231296,전체,전체,전체,active,gpt-4o,general-llm,2048,1024,졸업길잡이 지한,공손하고 친절한 말투,논리적이고 정확한 성격,대학 구성원들이 질문한 주제에 대해 정확하고 친절하게 답변하는 역할을 수행합니다.,죄송합니다. 해당 내용에 대해서는 답변드릴 수 없습니다.,"[""PDF"", ""DOCX"", ""TXT""]",dragdrop,100,100,['user1329'],organization,[],['user1329'],['user1329'],default.png,#FFFFFF,False,AI Chatbot,user1329,univ,True,학생
14,교육학과 학과 공지사항,교육학과 소속의 학생 및 교직원을 위한 학과 공지사항 안내 챗봇입니다.,user1014,2025-06-26T22:17:47.090596,2025-06-26T22:17:47.090596,사범대학,교육학과,,active,gpt-4o,general-llm,2048,1024,도우미 서연,공손하고 친절한 말투,친절하고 전문적인 성격으로 정확한 정보를 제공,학과 공지사항 관련 전문 상담을 제공합니다.,죄송합니다. 해당 내용에 대해서는 답변드릴 수 없습니다.,"['PDF', 'DOCX', 'TXT']",dragdrop,100,100,[],private,[],[],[],default.png,#ffffff,False,교육학과,user1014,,True,학생
78,심리학과 시간관리 코칭,심리학과 소속의 학생 및 교직원을 위한 시간관리 코칭 안내 챗봇입니다.,user1078,2025-06-26T22:17:47.090596,2025-06-26T22:17:47.090596,사회과학대학,심리학과,,active,gpt-4o,general-llm,2048,1024,도우미 예진,공손하고 친절한 말투,친절하고 전문적인 성격으로 정확한 정보를 제공,시간관리 코칭 관련 전문 상담을 제공합니다.,죄송합니다. 해당 내용에 대해서는 답변드릴 수 없습니다.,"['PDF', 'DOCX', 'TXT']",dragdrop,100,100,[],private,[],[],[],default.png,#ffffff,False,심리학과,user1078,,True,학생
90,교양과목운영팀 슬기로운 대학생활,교양과목운영팀 소속의 학생 및 교직원을 위한 슬기로운 대학생활 안내 챗봇입니다.,user1090,2025-06-26T22:17:47.090596,2025-06-26T22:17:47.090596,교양교육원,교양과목운영팀,,active,gpt-4o,general-llm,2048,1024,도우미 하은,공손하고 친절한 말투,친절하고 전문적인 성격으로 정확한 정보를 제공,슬기로운 대학생활 관련 전문 상담을 제공합니다.,죄송합니다. 해당 내용에 대해서는 답변드릴 수 없습니다.,"['PDF', 'DOCX', 'TXT']",dragdrop,100,100,[],private,[],[],[],default.png,#ffffff,False,교양과목운영팀,user1090,,True,학생
65,사학과 교육 실습 준비,사학과 소속의 학생 및 교직원을 위한 교육 실습 준비 안내 챗봇입니다.,user1065,2025-06-26T22:17:47.090596,2025-06-26T22:17:47.090596,인문대학,사학과,,active,gpt-4o,general-llm,2048,1024,도우미 채원,공손하고 친절한 말투,친절하고 전문적인 성격으로 정확한 정보를 제공,교육 실습 준비 관련 전문 상담을 제공합니다.,죄송합니다. 해당 내용에 대해서는 답변드릴 수 없습니다.,"['PDF', 'DOCX', 'TXT']",dragdrop,100,100,[],private,[],[],[],default.png,#ffffff,False,사학과,user1065,,True,학생
